pos,entropy,perplexity
0,-0.000000,1.0000
1,-0.000000,1.0000
2,0.030166,1.0211
3,-0.000000,1.0000
4,0.119337,1.0862
5,-0.000000,1.0000
6,-0.000000,1.0000
7,-0.000000,1.0000
8,0.009079,1.0063
9,-0.000000,1.0000
10,-0.000000,1.0000
11,0.009073,1.0063
12,-0.000000,1.0000
13,-0.000000,1.0000
14,-0.000000,1.0000
15,-0.000000,1.0000
16,-0.000000,1.0000
17,0.009079,1.0063
18,0.811588,1.7551
19,-0.000000,1.0000
20,-0.000000,1.0000
21,-0.000000,1.0000
22,-0.000000,1.0000
23,0.030671,1.0215
24,-0.000000,1.0000
25,-0.000000,1.0000
26,0.803858,1.7458
27,-0.000000,1.0000
28,-0.000000,1.0000
29,-0.000000,1.0000
30,-0.000000,1.0000
31,-0.000000,1.0000
32,-0.000000,1.0000
33,-0.000000,1.0000
34,-0.000000,1.0000
35,-0.000000,1.0000
36,-0.000000,1.0000
37,-0.000000,1.0000
38,-0.000000,1.0000
39,-0.000000,1.0000
40,-0.000000,1.0000
41,-0.000000,1.0000
42,-0.000000,1.0000
43,-0.000000,1.0000
44,-0.000000,1.0000
45,-0.000000,1.0000
46,-0.000000,1.0000
47,-0.000000,1.0000
48,0.023555,1.0165
49,-0.000000,1.0000
50,-0.000000,1.0000
51,0.016605,1.0116
52,-0.000000,1.0000
53,0.009073,1.0063
54,-0.000000,1.0000
55,-0.000000,1.0000
56,-0.000000,1.0000
57,-0.000000,1.0000
58,-0.000000,1.0000
59,-0.000000,1.0000
60,-0.000000,1.0000
61,0.018144,1.0127
62,-0.000000,1.0000
63,-0.000000,1.0000
64,-0.000000,1.0000
65,-0.000000,1.0000
66,0.797896,1.7386
67,0.032625,1.0229
68,-0.000000,1.0000
69,-0.000000,1.0000
70,0.009079,1.0063
71,-0.000000,1.0000
72,-0.000000,1.0000
73,-0.000000,1.0000
74,-0.000000,1.0000
75,0.009085,1.0063
76,-0.000000,1.0000
77,-0.000000,1.0000
78,0.009073,1.0063
79,0.009079,1.0063
80,-0.000000,1.0000
81,-0.000000,1.0000
82,0.016605,1.0116
83,-0.000000,1.0000
84,-0.000000,1.0000
85,-0.000000,1.0000
86,-0.000000,1.0000
87,-0.000000,1.0000
88,-0.000000,1.0000
89,-0.000000,1.0000
90,-0.000000,1.0000
91,0.009073,1.0063
92,-0.000000,1.0000
93,-0.000000,1.0000
94,0.799470,1.7405
95,-0.000000,1.0000
96,0.009073,1.0063
97,0.016605,1.0116
98,-0.000000,1.0000
99,-0.000000,1.0000
100,-0.000000,1.0000
101,-0.000000,1.0000
102,-0.000000,1.0000
103,-0.000000,1.0000
104,-0.000000,1.0000
105,-0.000000,1.0000
106,-0.000000,1.0000
107,-0.000000,1.0000
108,-0.000000,1.0000
109,-0.000000,1.0000
110,-0.000000,1.0000
111,-0.000000,1.0000
112,-0.000000,1.0000
113,-0.000000,1.0000
114,-0.000000,1.0000
115,-0.000000,1.0000
116,-0.000000,1.0000
117,-0.000000,1.0000
118,-0.000000,1.0000
119,-0.000000,1.0000
120,-0.000000,1.0000
121,-0.000000,1.0000
122,0.009073,1.0063
123,-0.000000,1.0000
124,-0.000000,1.0000
125,-0.000000,1.0000
126,-0.000000,1.0000
127,-0.000000,1.0000
128,-0.000000,1.0000
129,-0.000000,1.0000
130,-0.000000,1.0000
131,-0.000000,1.0000
132,-0.000000,1.0000
133,-0.000000,1.0000
134,-0.000000,1.0000
135,-0.000000,1.0000
136,0.009073,1.0063
137,-0.000000,1.0000
138,-0.000000,1.0000
139,-0.000000,1.0000
140,-0.000000,1.0000
141,0.100814,1.0724
142,-0.000000,1.0000
143,-0.000000,1.0000
144,-0.000000,1.0000
145,0.009073,1.0063
146,-0.000000,1.0000
147,0.018144,1.0127
148,-0.000000,1.0000
149,-0.000000,1.0000
150,-0.000000,1.0000
151,-0.000000,1.0000
152,0.032625,1.0229
153,-0.000000,1.0000
154,-0.000000,1.0000
155,-0.000000,1.0000
156,0.046786,1.0330
157,0.025693,1.0180
158,-0.000000,1.0000
159,-0.000000,1.0000
160,-0.000000,1.0000
161,-0.000000,1.0000
162,0.009073,1.0063
163,-0.000000,1.0000
164,-0.000000,1.0000
165,-0.000000,1.0000
166,-0.000000,1.0000
167,-0.000000,1.0000
168,-0.000000,1.0000
169,-0.000000,1.0000
170,-0.000000,1.0000
171,-0.000000,1.0000
172,-0.000000,1.0000
173,-0.000000,1.0000
174,-0.000000,1.0000
175,0.009073,1.0063
176,-0.000000,1.0000
177,-0.000000,1.0000
178,-0.000000,1.0000
179,-0.000000,1.0000
180,-0.000000,1.0000
181,-0.000000,1.0000
182,0.016605,1.0116
183,-0.000000,1.0000
184,-0.000000,1.0000
185,0.025676,1.0180
186,-0.000000,1.0000
187,-0.000000,1.0000
188,0.009073,1.0063
189,-0.000000,1.0000
190,-0.000000,1.0000
191,-0.000000,1.0000
192,-0.000000,1.0000
193,-0.000000,1.0000
194,-0.000000,1.0000
195,-0.000000,1.0000
196,0.009073,1.0063
197,-0.000000,1.0000
198,-0.000000,1.0000
199,-0.000000,1.0000
200,-0.000000,1.0000
201,-0.000000,1.0000
202,-0.000000,1.0000
203,-0.000000,1.0000
204,-0.000000,1.0000
205,-0.000000,1.0000
206,-0.000000,1.0000
207,-0.000000,1.0000
208,-0.000000,1.0000
209,0.018144,1.0127
210,0.785317,1.7235
211,0.030002,1.0210
212,0.461657,1.3771
213,0.057618,1.0407
214,0.061011,1.0432
215,0.880985,1.8416
216,0.764233,1.6985
217,0.009073,1.0063
218,0.023555,1.0165
219,-0.000000,1.0000
220,0.009073,1.0063
221,-0.000000,1.0000
222,-0.000000,1.0000
223,-0.000000,1.0000
224,0.009073,1.0063
225,-0.000000,1.0000
226,-0.000000,1.0000
227,-0.000000,1.0000
228,-0.000000,1.0000
229,-0.000000,1.0000
230,-0.000000,1.0000
231,-0.000000,1.0000
232,-0.000000,1.0000
233,-0.000000,1.0000
234,-0.000000,1.0000
235,-0.000000,1.0000
236,-0.000000,1.0000
237,-0.000000,1.0000
238,-0.000000,1.0000
239,0.009073,1.0063
240,-0.000000,1.0000
241,-0.000000,1.0000
242,-0.000000,1.0000
243,-0.000000,1.0000
244,-0.000000,1.0000
245,-0.000000,1.0000
246,-0.000000,1.0000
247,0.016605,1.0116
248,-0.000000,1.0000
249,-0.000000,1.0000
250,0.065040,1.0461
251,0.042483,1.0299
252,-0.000000,1.0000
253,-0.000000,1.0000
254,0.009079,1.0063
255,-0.000000,1.0000
256,0.009079,1.0063
257,0.048362,1.0341
258,0.009073,1.0063
259,-0.000000,1.0000
260,-0.000000,1.0000
261,-0.000000,1.0000
262,-0.000000,1.0000
263,-0.000000,1.0000
264,-0.000000,1.0000
265,-0.000000,1.0000
266,0.009073,1.0063
267,-0.000000,1.0000
268,-0.000000,1.0000
269,-0.000000,1.0000
270,-0.000000,1.0000
271,-0.000000,1.0000
272,-0.000000,1.0000
273,-0.000000,1.0000
274,-0.000000,1.0000
275,-0.000000,1.0000
276,-0.000000,1.0000
277,-0.000000,1.0000
278,-0.000000,1.0000
279,-0.000000,1.0000
280,-0.000000,1.0000
281,-0.000000,1.0000
282,-0.000000,1.0000
283,-0.000000,1.0000
284,-0.000000,1.0000
285,-0.000000,1.0000
286,0.009073,1.0063
287,-0.000000,1.0000
288,-0.000000,1.0000
289,-0.000000,1.0000
290,-0.000000,1.0000
291,-0.000000,1.0000
292,-0.000000,1.0000
293,-0.000000,1.0000
294,-0.000000,1.0000
295,-0.000000,1.0000
296,-0.000000,1.0000
297,-0.000000,1.0000
298,-0.000000,1.0000
299,-0.000000,1.0000
300,-0.000000,1.0000
301,0.009073,1.0063
302,-0.000000,1.0000
303,-0.000000,1.0000
304,-0.000000,1.0000
305,-0.000000,1.0000
306,-0.000000,1.0000
307,-0.000000,1.0000
308,-0.000000,1.0000
309,0.009073,1.0063
310,-0.000000,1.0000
311,-0.000000,1.0000
312,-0.000000,1.0000
313,-0.000000,1.0000
314,-0.000000,1.0000
315,-0.000000,1.0000
316,-0.000000,1.0000
317,-0.000000,1.0000
318,-0.000000,1.0000
319,-0.000000,1.0000
320,-0.000000,1.0000
321,-0.000000,1.0000
322,-0.000000,1.0000
323,-0.000000,1.0000
324,-0.000000,1.0000
325,-0.000000,1.0000
326,-0.000000,1.0000
327,-0.000000,1.0000
328,-0.000000,1.0000
329,-0.000000,1.0000
330,-0.000000,1.0000
331,-0.000000,1.0000
332,-0.000000,1.0000
333,-0.000000,1.0000
334,0.016605,1.0116
335,-0.000000,1.0000
336,-0.000000,1.0000
337,-0.000000,1.0000
338,-0.000000,1.0000
339,-0.000000,1.0000
340,-0.000000,1.0000
341,0.076299,1.0543
342,0.009073,1.0063
343,-0.000000,1.0000
344,-0.000000,1.0000
345,-0.000000,1.0000
346,-0.000000,1.0000
347,-0.000000,1.0000
348,0.133615,1.0970
349,-0.000000,1.0000
350,-0.000000,1.0000
351,-0.000000,1.0000
352,-0.000000,1.0000
353,-0.000000,1.0000
354,-0.000000,1.0000
355,-0.000000,1.0000
356,0.018144,1.0127
357,-0.000000,1.0000
358,0.016605,1.0116
359,-0.000000,1.0000
360,-0.000000,1.0000
361,-0.000000,1.0000
362,-0.000000,1.0000
363,-0.000000,1.0000
364,-0.000000,1.0000
365,-0.000000,1.0000
366,-0.000000,1.0000
367,-0.000000,1.0000
368,-0.000000,1.0000
369,-0.000000,1.0000
370,-0.000000,1.0000
371,-0.000000,1.0000
372,-0.000000,1.0000
373,0.871993,1.8302
374,-0.000000,1.0000
375,0.075697,1.0539
376,-0.000000,1.0000
377,0.075793,1.0539
378,0.810972,1.7544
379,-0.000000,1.0000
380,-0.000000,1.0000
381,-0.000000,1.0000
382,-0.000000,1.0000
383,-0.000000,1.0000
384,-0.000000,1.0000
385,-0.000000,1.0000
386,-0.000000,1.0000
387,0.009073,1.0063
388,-0.000000,1.0000
389,-0.000000,1.0000
390,-0.000000,1.0000
391,-0.000000,1.0000
392,-0.000000,1.0000
393,-0.000000,1.0000
394,-0.000000,1.0000
395,-0.000000,1.0000
396,-0.000000,1.0000
397,-0.000000,1.0000
398,-0.000000,1.0000
399,-0.000000,1.0000
400,-0.000000,1.0000
401,-0.000000,1.0000
402,-0.000000,1.0000
403,-0.000000,1.0000
404,-0.000000,1.0000
405,0.009073,1.0063
406,-0.000000,1.0000
407,0.814012,1.7581
408,-0.000000,1.0000
409,-0.000000,1.0000
410,0.821861,1.7677
411,-0.000000,1.0000
412,-0.000000,1.0000
413,-0.000000,1.0000
414,-0.000000,1.0000
415,-0.000000,1.0000
416,-0.000000,1.0000
417,-0.000000,1.0000
418,-0.000000,1.0000
419,0.257268,1.1952
420,-0.000000,1.0000
421,-0.000000,1.0000
422,-0.000000,1.0000
423,-0.000000,1.0000
424,-0.000000,1.0000
425,-0.000000,1.0000
426,-0.000000,1.0000
427,-0.000000,1.0000
428,-0.000000,1.0000
429,-0.000000,1.0000
430,-0.000000,1.0000
431,-0.000000,1.0000
432,-0.000000,1.0000
433,-0.000000,1.0000
434,-0.000000,1.0000
435,-0.000000,1.0000
436,-0.000000,1.0000
437,-0.000000,1.0000
438,-0.000000,1.0000
439,-0.000000,1.0000
440,-0.000000,1.0000
441,-0.000000,1.0000
442,0.346185,1.2712
443,-0.000000,1.0000
444,-0.000000,1.0000
445,-0.000000,1.0000
446,0.009079,1.0063
447,0.016616,1.0116
448,0.756550,1.6894
449,-0.000000,1.0000
450,-0.000000,1.0000
451,-0.000000,1.0000
452,0.023586,1.0165
453,-0.000000,1.0000
454,0.421775,1.3396
455,-0.000000,1.0000
456,-0.000000,1.0000
457,0.009073,1.0063
458,0.016605,1.0116
459,-0.000000,1.0000
460,-0.000000,1.0000
461,-0.000000,1.0000
462,0.059998,1.0425
463,-0.000000,1.0000
464,-0.000000,1.0000
465,-0.000000,1.0000
466,-0.000000,1.0000
467,-0.000000,1.0000
468,-0.000000,1.0000
469,-0.000000,1.0000
470,-0.000000,1.0000
471,-0.000000,1.0000
472,-0.000000,1.0000
473,-0.000000,1.0000
474,-0.000000,1.0000
475,-0.000000,1.0000
476,-0.000000,1.0000
477,-0.000000,1.0000
478,-0.000000,1.0000
479,0.141527,1.1031
480,0.123873,1.0897
481,0.009073,1.0063
482,-0.000000,1.0000
483,-0.000000,1.0000
484,-0.000000,1.0000
485,-0.000000,1.0000
486,0.132795,1.0964
487,-0.000000,1.0000
488,0.413598,1.3320
489,-0.000000,1.0000
490,-0.000000,1.0000
491,-0.000000,1.0000
492,0.016605,1.0116
493,-0.000000,1.0000
494,-0.000000,1.0000
495,0.454908,1.3707
496,-0.000000,1.0000
497,-0.000000,1.0000
498,0.780992,1.7183
499,-0.000000,1.0000
500,0.119337,1.0862
501,-0.000000,1.0000
502,-0.000000,1.0000
503,0.114451,1.0826
504,-0.000000,1.0000
505,-0.000000,1.0000
506,-0.000000,1.0000
507,0.110168,1.0794
508,-0.000000,1.0000
509,-0.000000,1.0000
510,-0.000000,1.0000
511,-0.000000,1.0000
512,-0.000000,1.0000
513,-0.000000,1.0000
514,-0.000000,1.0000
515,-0.000000,1.0000
516,-0.000000,1.0000
517,-0.000000,1.0000
518,-0.000000,1.0000
519,-0.000000,1.0000
520,-0.000000,1.0000
521,-0.000000,1.0000
522,-0.000000,1.0000
523,-0.000000,1.0000
524,0.032625,1.0229
525,-0.000000,1.0000
526,-0.000000,1.0000
527,-0.000000,1.0000
528,-0.000000,1.0000
529,-0.000000,1.0000
530,-0.000000,1.0000
531,-0.000000,1.0000
532,-0.000000,1.0000
533,-0.000000,1.0000
534,-0.000000,1.0000
535,-0.000000,1.0000
536,-0.000000,1.0000
537,-0.000000,1.0000
538,-0.000000,1.0000
539,-0.000000,1.0000
540,-0.000000,1.0000
541,-0.000000,1.0000
542,-0.000000,1.0000
543,-0.000000,1.0000
544,-0.000000,1.0000
545,-0.000000,1.0000
546,-0.000000,1.0000
547,-0.000000,1.0000
548,-0.000000,1.0000
549,0.794066,1.7340
550,-0.000000,1.0000
551,-0.000000,1.0000
552,-0.000000,1.0000
553,-0.000000,1.0000
554,-0.000000,1.0000
555,-0.000000,1.0000
556,0.009073,1.0063
557,-0.000000,1.0000
558,0.009073,1.0063
559,-0.000000,1.0000
560,-0.000000,1.0000
561,-0.000000,1.0000
562,-0.000000,1.0000
563,-0.000000,1.0000
564,-0.000000,1.0000
565,-0.000000,1.0000
566,-0.000000,1.0000
567,-0.000000,1.0000
568,-0.000000,1.0000
569,-0.000000,1.0000
570,0.009073,1.0063
571,0.009073,1.0063
572,0.009073,1.0063
573,-0.000000,1.0000
574,-0.000000,1.0000
575,-0.000000,1.0000
576,-0.000000,1.0000
577,-0.000000,1.0000
578,0.009097,1.0063
579,-0.000000,1.0000
580,-0.000000,1.0000
581,-0.000000,1.0000
582,-0.000000,1.0000
583,-0.000000,1.0000
584,-0.000000,1.0000
585,-0.000000,1.0000
586,-0.000000,1.0000
587,-0.000000,1.0000
588,-0.000000,1.0000
589,-0.000000,1.0000
590,-0.000000,1.0000
591,-0.000000,1.0000
592,-0.000000,1.0000
593,-0.000000,1.0000
594,-0.000000,1.0000
595,-0.000000,1.0000
596,-0.000000,1.0000
597,-0.000000,1.0000
598,-0.000000,1.0000
599,-0.000000,1.0000
600,-0.000000,1.0000
601,-0.000000,1.0000
602,-0.000000,1.0000
603,-0.000000,1.0000
604,-0.000000,1.0000
605,-0.000000,1.0000
606,-0.000000,1.0000
607,-0.000000,1.0000
608,-0.000000,1.0000
609,-0.000000,1.0000
610,-0.000000,1.0000
611,-0.000000,1.0000
612,-0.000000,1.0000
613,-0.000000,1.0000
614,-0.000000,1.0000
615,0.048362,1.0341
616,0.023555,1.0165
617,-0.000000,1.0000
618,-0.000000,1.0000
619,-0.000000,1.0000
620,-0.000000,1.0000
621,-0.000000,1.0000
622,-0.000000,1.0000
623,0.009073,1.0063
624,-0.000000,1.0000
625,-0.000000,1.0000
626,-0.000000,1.0000
627,-0.000000,1.0000
628,-0.000000,1.0000
629,0.016605,1.0116
630,-0.000000,1.0000
631,-0.000000,1.0000
632,-0.000000,1.0000
633,-0.000000,1.0000
634,-0.000000,1.0000
635,-0.000000,1.0000
636,-0.000000,1.0000
637,-0.000000,1.0000
638,-0.000000,1.0000
639,-0.000000,1.0000
640,-0.000000,1.0000
641,-0.000000,1.0000
642,-0.000000,1.0000
643,-0.000000,1.0000
644,-0.000000,1.0000
645,-0.000000,1.0000
646,-0.000000,1.0000
647,-0.000000,1.0000
648,-0.000000,1.0000
649,-0.000000,1.0000
650,-0.000000,1.0000
651,-0.000000,1.0000
652,-0.000000,1.0000
653,-0.000000,1.0000
654,-0.000000,1.0000
655,-0.000000,1.0000
656,-0.000000,1.0000
657,0.030127,1.0211
658,-0.000000,1.0000
659,0.009073,1.0063
660,0.171102,1.1259
661,-0.000000,1.0000
662,-0.000000,1.0000
663,-0.000000,1.0000
664,-0.000000,1.0000
665,-0.000000,1.0000
666,-0.000000,1.0000
667,-0.000000,1.0000
668,-0.000000,1.0000
669,-0.000000,1.0000
670,-0.000000,1.0000
671,-0.000000,1.0000
672,-0.000000,1.0000
673,-0.000000,1.0000
674,-0.000000,1.0000
675,-0.000000,1.0000
676,-0.000000,1.0000
677,-0.000000,1.0000
678,0.009073,1.0063
679,0.009073,1.0063
680,-0.000000,1.0000
681,0.036417,1.0256
682,-0.000000,1.0000
683,0.047102,1.0332
684,-0.000000,1.0000
685,-0.000000,1.0000
686,-0.000000,1.0000
687,-0.000000,1.0000
688,-0.000000,1.0000
689,-0.000000,1.0000
690,0.016605,1.0116
691,-0.000000,1.0000
692,-0.000000,1.0000
693,-0.000000,1.0000
694,-0.000000,1.0000
695,-0.000000,1.0000
696,-0.000000,1.0000
697,-0.000000,1.0000
698,-0.000000,1.0000
699,-0.000000,1.0000
700,-0.000000,1.0000
701,-0.000000,1.0000
702,-0.000000,1.0000
703,-0.000000,1.0000
704,-0.000000,1.0000
705,-0.000000,1.0000
706,0.023602,1.0165
707,0.009073,1.0063
708,-0.000000,1.0000
709,-0.000000,1.0000
710,-0.000000,1.0000
711,-0.000000,1.0000
712,-0.000000,1.0000
713,-0.000000,1.0000
714,-0.000000,1.0000
715,-0.000000,1.0000
716,-0.000000,1.0000
717,-0.000000,1.0000
718,-0.000000,1.0000
719,-0.000000,1.0000
720,-0.000000,1.0000
721,-0.000000,1.0000
722,-0.000000,1.0000
723,-0.000000,1.0000
724,-0.000000,1.0000
725,-0.000000,1.0000
726,-0.000000,1.0000
727,-0.000000,1.0000
728,-0.000000,1.0000
729,-0.000000,1.0000
730,-0.000000,1.0000
731,-0.000000,1.0000
732,0.059660,1.0422
733,-0.000000,1.0000
734,-0.000000,1.0000
735,-0.000000,1.0000
736,-0.000000,1.0000
737,-0.000000,1.0000
738,-0.000000,1.0000
739,-0.000000,1.0000
740,-0.000000,1.0000
741,-0.000000,1.0000
742,-0.000000,1.0000
743,-0.000000,1.0000
744,-0.000000,1.0000
745,-0.000000,1.0000
746,-0.000000,1.0000
747,-0.000000,1.0000
748,-0.000000,1.0000
749,-0.000000,1.0000
750,-0.000000,1.0000
751,-0.000000,1.0000
752,-0.000000,1.0000
753,-0.000000,1.0000
754,-0.000000,1.0000
755,-0.000000,1.0000
756,-0.000000,1.0000
757,-0.000000,1.0000
758,-0.000000,1.0000
759,-0.000000,1.0000
760,-0.000000,1.0000
761,-0.000000,1.0000
762,-0.000000,1.0000
763,-0.000000,1.0000
764,-0.000000,1.0000
765,-0.000000,1.0000
766,0.154490,1.1130
767,0.016605,1.0116
768,-0.000000,1.0000
769,-0.000000,1.0000
770,-0.000000,1.0000
771,-0.000000,1.0000
772,-0.000000,1.0000
773,-0.000000,1.0000
774,0.009073,1.0063
775,-0.000000,1.0000
776,-0.000000,1.0000
777,-0.000000,1.0000
778,-0.000000,1.0000
779,-0.000000,1.0000
780,-0.000000,1.0000
781,-0.000000,1.0000
782,0.009073,1.0063
783,-0.000000,1.0000
784,-0.000000,1.0000
785,-0.000000,1.0000
786,-0.000000,1.0000
787,-0.000000,1.0000
788,0.009073,1.0063
789,-0.000000,1.0000
790,-0.000000,1.0000
791,-0.000000,1.0000
792,-0.000000,1.0000
793,-0.000000,1.0000
794,-0.000000,1.0000
795,-0.000000,1.0000
796,-0.000000,1.0000
797,-0.000000,1.0000
798,0.063229,1.0448
799,-0.000000,1.0000
800,-0.000000,1.0000
801,-0.000000,1.0000
802,-0.000000,1.0000
803,-0.000000,1.0000
804,-0.000000,1.0000
805,-0.000000,1.0000
806,-0.000000,1.0000
807,-0.000000,1.0000
808,-0.000000,1.0000
809,-0.000000,1.0000
810,-0.000000,1.0000
811,0.009073,1.0063
812,-0.000000,1.0000
813,-0.000000,1.0000
814,-0.000000,1.0000
815,-0.000000,1.0000
816,-0.000000,1.0000
817,-0.000000,1.0000
818,-0.000000,1.0000
819,-0.000000,1.0000
820,-0.000000,1.0000
821,-0.000000,1.0000
822,-0.000000,1.0000
823,-0.000000,1.0000
824,-0.000000,1.0000
825,-0.000000,1.0000
826,-0.000000,1.0000
827,-0.000000,1.0000
828,-0.000000,1.0000
829,-0.000000,1.0000
830,-0.000000,1.0000
831,-0.000000,1.0000
832,-0.000000,1.0000
833,0.009073,1.0063
834,-0.000000,1.0000
835,-0.000000,1.0000
836,-0.000000,1.0000
837,-0.000000,1.0000
838,-0.000000,1.0000
839,0.009073,1.0063
840,-0.000000,1.0000
841,-0.000000,1.0000
842,-0.000000,1.0000
843,-0.000000,1.0000
844,-0.000000,1.0000
845,-0.000000,1.0000
846,-0.000000,1.0000
847,-0.000000,1.0000
848,0.023570,1.0165
849,-0.000000,1.0000
850,-0.000000,1.0000
851,-0.000000,1.0000
852,-0.000000,1.0000
853,-0.000000,1.0000
854,-0.000000,1.0000
855,-0.000000,1.0000
856,-0.000000,1.0000
857,-0.000000,1.0000
858,0.790501,1.7297
859,-0.000000,1.0000
860,-0.000000,1.0000
861,-0.000000,1.0000
862,-0.000000,1.0000
863,-0.000000,1.0000
864,-0.000000,1.0000
865,-0.000000,1.0000
866,-0.000000,1.0000
867,-0.000000,1.0000
868,-0.000000,1.0000
869,-0.000000,1.0000
870,-0.000000,1.0000
871,-0.000000,1.0000
872,-0.000000,1.0000
873,0.009073,1.0063
874,-0.000000,1.0000
875,-0.000000,1.0000
876,-0.000000,1.0000
877,-0.000000,1.0000
878,-0.000000,1.0000
879,-0.000000,1.0000
880,-0.000000,1.0000
881,-0.000000,1.0000
882,-0.000000,1.0000
883,-0.000000,1.0000
884,-0.000000,1.0000
885,0.016605,1.0116
886,-0.000000,1.0000
887,-0.000000,1.0000
888,-0.000000,1.0000
889,-0.000000,1.0000
890,-0.000000,1.0000
891,-0.000000,1.0000
892,-0.000000,1.0000
893,-0.000000,1.0000
894,0.016605,1.0116
895,-0.000000,1.0000
896,-0.000000,1.0000
897,-0.000000,1.0000
898,-0.000000,1.0000
899,-0.000000,1.0000
900,-0.000000,1.0000
901,0.009073,1.0063
902,-0.000000,1.0000
903,-0.000000,1.0000
904,-0.000000,1.0000
905,-0.000000,1.0000
906,-0.000000,1.0000
907,-0.000000,1.0000
908,-0.000000,1.0000
909,-0.000000,1.0000
910,-0.000000,1.0000
911,-0.000000,1.0000
912,-0.000000,1.0000
913,-0.000000,1.0000
914,-0.000000,1.0000
915,-0.000000,1.0000
916,-0.000000,1.0000
917,-0.000000,1.0000
918,-0.000000,1.0000
919,-0.000000,1.0000
920,-0.000000,1.0000
921,-0.000000,1.0000
922,-0.000000,1.0000
923,-0.000000,1.0000
924,-0.000000,1.0000
925,-0.000000,1.0000
926,-0.000000,1.0000
927,-0.000000,1.0000
928,-0.000000,1.0000
929,-0.000000,1.0000
930,-0.000000,1.0000
931,-0.000000,1.0000
932,-0.000000,1.0000
933,-0.000000,1.0000
934,-0.000000,1.0000
935,-0.000000,1.0000
936,-0.000000,1.0000
937,-0.000000,1.0000
938,0.045515,1.0321
939,-0.000000,1.0000
940,-0.000000,1.0000
941,0.023586,1.0165
942,0.009085,1.0063
943,0.016627,1.0116
944,0.051550,1.0364
945,-0.000000,1.0000
946,-0.000000,1.0000
947,-0.000000,1.0000
948,-0.000000,1.0000
949,-0.000000,1.0000
950,-0.000000,1.0000
951,-0.000000,1.0000
952,-0.000000,1.0000
953,-0.000000,1.0000
954,-0.000000,1.0000
955,-0.000000,1.0000
956,0.063147,1.0447
957,-0.000000,1.0000
958,-0.000000,1.0000
959,-0.000000,1.0000
960,-0.000000,1.0000
961,-0.000000,1.0000
962,-0.000000,1.0000
963,-0.000000,1.0000
964,-0.000000,1.0000
965,-0.000000,1.0000
966,-0.000000,1.0000
967,-0.000000,1.0000
968,-0.000000,1.0000
969,-0.000000,1.0000
970,-0.000000,1.0000
971,0.023555,1.0165
972,-0.000000,1.0000
973,-0.000000,1.0000
974,-0.000000,1.0000
975,-0.000000,1.0000
976,-0.000000,1.0000
977,-0.000000,1.0000
978,-0.000000,1.0000
979,-0.000000,1.0000
980,-0.000000,1.0000
981,-0.000000,1.0000
982,-0.000000,1.0000
983,0.796624,1.7370
984,-0.000000,1.0000
985,-0.000000,1.0000
986,-0.000000,1.0000
987,-0.000000,1.0000
988,-0.000000,1.0000
989,-0.000000,1.0000
990,-0.000000,1.0000
991,-0.000000,1.0000
992,-0.000000,1.0000
993,-0.000000,1.0000
994,-0.000000,1.0000
995,-0.000000,1.0000
996,-0.000000,1.0000
997,-0.000000,1.0000
998,-0.000000,1.0000
999,-0.000000,1.0000
1000,-0.000000,1.0000
1001,-0.000000,1.0000
1002,-0.000000,1.0000
1003,-0.000000,1.0000
1004,-0.000000,1.0000
1005,-0.000000,1.0000
1006,-0.000000,1.0000
1007,-0.000000,1.0000
1008,-0.000000,1.0000
1009,-0.000000,1.0000
1010,-0.000000,1.0000
1011,-0.000000,1.0000
1012,-0.000000,1.0000
1013,-0.000000,1.0000
1014,-0.000000,1.0000
1015,-0.000000,1.0000
1016,-0.000000,1.0000
1017,-0.000000,1.0000
1018,-0.000000,1.0000
1019,-0.000000,1.0000
1020,-0.000000,1.0000
1021,-0.000000,1.0000
1022,0.009073,1.0063
1023,-0.000000,1.0000
1024,-0.000000,1.0000
1025,-0.000000,1.0000
1026,-0.000000,1.0000
1027,-0.000000,1.0000
1028,-0.000000,1.0000
1029,-0.000000,1.0000
1030,-0.000000,1.0000
1031,-0.000000,1.0000
1032,-0.000000,1.0000
1033,-0.000000,1.0000
1034,-0.000000,1.0000
1035,-0.000000,1.0000
1036,-0.000000,1.0000
1037,-0.000000,1.0000
1038,-0.000000,1.0000
1039,-0.000000,1.0000
1040,-0.000000,1.0000
1041,-0.000000,1.0000
1042,-0.000000,1.0000
1043,-0.000000,1.0000
1044,-0.000000,1.0000
1045,-0.000000,1.0000
1046,-0.000000,1.0000
1047,-0.000000,1.0000
1048,-0.000000,1.0000
1049,-0.000000,1.0000
1050,-0.000000,1.0000
1051,-0.000000,1.0000
1052,-0.000000,1.0000
1053,-0.000000,1.0000
1054,-0.000000,1.0000
1055,-0.000000,1.0000
1056,-0.000000,1.0000
1057,-0.000000,1.0000
1058,-0.000000,1.0000
1059,-0.000000,1.0000
1060,-0.000000,1.0000
1061,-0.000000,1.0000
1062,-0.000000,1.0000
1063,-0.000000,1.0000
1064,-0.000000,1.0000
1065,-0.000000,1.0000
1066,-0.000000,1.0000
1067,-0.000000,1.0000
1068,-0.000000,1.0000
1069,-0.000000,1.0000
1070,-0.000000,1.0000
1071,-0.000000,1.0000
1072,0.009079,1.0063
1073,-0.000000,1.0000
1074,-0.000000,1.0000
1075,-0.000000,1.0000
1076,-0.000000,1.0000
1077,-0.000000,1.0000
1078,-0.000000,1.0000
1079,-0.000000,1.0000
1080,-0.000000,1.0000
1081,-0.000000,1.0000
1082,-0.000000,1.0000
1083,-0.000000,1.0000
1084,-0.000000,1.0000
1085,-0.000000,1.0000
1086,-0.000000,1.0000
1087,-0.000000,1.0000
1088,-0.000000,1.0000
1089,-0.000000,1.0000
1090,-0.000000,1.0000
1091,-0.000000,1.0000
1092,-0.000000,1.0000
1093,-0.000000,1.0000
1094,-0.000000,1.0000
1095,-0.000000,1.0000
1096,-0.000000,1.0000
1097,-0.000000,1.0000
1098,-0.000000,1.0000
1099,-0.000000,1.0000
1100,-0.000000,1.0000
1101,0.009073,1.0063
1102,-0.000000,1.0000
1103,0.025676,1.0180
1104,-0.000000,1.0000
1105,-0.000000,1.0000
1106,-0.000000,1.0000
1107,-0.000000,1.0000
1108,-0.000000,1.0000
1109,-0.000000,1.0000
1110,-0.000000,1.0000
1111,-0.000000,1.0000
1112,-0.000000,1.0000
1113,0.016605,1.0116
1114,-0.000000,1.0000
1115,0.016605,1.0116
1116,0.009073,1.0063
1117,-0.000000,1.0000
1118,-0.000000,1.0000
1119,-0.000000,1.0000
1120,-0.000000,1.0000
1121,-0.000000,1.0000
1122,-0.000000,1.0000
1123,-0.000000,1.0000
1124,-0.000000,1.0000
1125,-0.000000,1.0000
1126,-0.000000,1.0000
1127,-0.000000,1.0000
1128,-0.000000,1.0000
1129,-0.000000,1.0000
1130,-0.000000,1.0000
1131,-0.000000,1.0000
1132,-0.000000,1.0000
1133,-0.000000,1.0000
1134,-0.000000,1.0000
1135,-0.000000,1.0000
1136,-0.000000,1.0000
1137,-0.000000,1.0000
1138,-0.000000,1.0000
1139,-0.000000,1.0000
1140,0.009073,1.0063
1141,-0.000000,1.0000
1142,-0.000000,1.0000
1143,-0.000000,1.0000
1144,-0.000000,1.0000
1145,0.032625,1.0229
1146,0.023555,1.0165
1147,-0.000000,1.0000
1148,0.009128,1.0063
1149,-0.000000,1.0000
1150,-0.000000,1.0000
1151,-0.000000,1.0000
1152,-0.000000,1.0000
1153,-0.000000,1.0000
1154,-0.000000,1.0000
1155,0.009073,1.0063
1156,-0.000000,1.0000
1157,-0.000000,1.0000
1158,-0.000000,1.0000
1159,-0.000000,1.0000
1160,-0.000000,1.0000
1161,-0.000000,1.0000
1162,-0.000000,1.0000
1163,-0.000000,1.0000
1164,0.047102,1.0332
1165,-0.000000,1.0000
1166,-0.000000,1.0000
1167,-0.000000,1.0000
1168,-0.000000,1.0000
1169,-0.000000,1.0000
1170,-0.000000,1.0000
1171,-0.000000,1.0000
1172,0.009073,1.0063
1173,-0.000000,1.0000
1174,-0.000000,1.0000
1175,-0.000000,1.0000
1176,-0.000000,1.0000
1177,-0.000000,1.0000
1178,-0.000000,1.0000
1179,-0.000000,1.0000
1180,-0.000000,1.0000
1181,-0.000000,1.0000
1182,-0.000000,1.0000
1183,-0.000000,1.0000
1184,0.025676,1.0180
1185,-0.000000,1.0000
1186,-0.000000,1.0000
1187,-0.000000,1.0000
1188,-0.000000,1.0000
1189,-0.000000,1.0000
1190,-0.000000,1.0000
1191,-0.000000,1.0000
1192,-0.000000,1.0000
1193,-0.000000,1.0000
1194,-0.000000,1.0000
1195,-0.000000,1.0000
1196,-0.000000,1.0000
1197,-0.000000,1.0000
1198,-0.000000,1.0000
1199,-0.000000,1.0000
1200,-0.000000,1.0000
1201,-0.000000,1.0000
1202,-0.000000,1.0000
1203,0.009073,1.0063
1204,0.009073,1.0063
1205,0.009073,1.0063
1206,-0.000000,1.0000
1207,-0.000000,1.0000
1208,-0.000000,1.0000
1209,0.009073,1.0063
1210,0.009073,1.0063
1211,-0.000000,1.0000
1212,-0.000000,1.0000
1213,-0.000000,1.0000
1214,-0.000000,1.0000
1215,-0.000000,1.0000
1216,-0.000000,1.0000
1217,-0.000000,1.0000
1218,-0.000000,1.0000
1219,-0.000000,1.0000
1220,-0.000000,1.0000
1221,-0.000000,1.0000
1222,-0.000000,1.0000
1223,-0.000000,1.0000
1224,-0.000000,1.0000
1225,-0.000000,1.0000
1226,-0.000000,1.0000
1227,-0.000000,1.0000
1228,-0.000000,1.0000
1229,-0.000000,1.0000
1230,-0.000000,1.0000
1231,-0.000000,1.0000
1232,-0.000000,1.0000
1233,-0.000000,1.0000
1234,0.009073,1.0063
1235,0.009073,1.0063
1236,-0.000000,1.0000
1237,0.009073,1.0063
1238,0.009073,1.0063
1239,0.018157,1.0127
1240,0.018144,1.0127
1241,-0.000000,1.0000
1242,-0.000000,1.0000
1243,-0.000000,1.0000
1244,-0.000000,1.0000
1245,-0.000000,1.0000
1246,-0.000000,1.0000
1247,-0.000000,1.0000
1248,-0.000000,1.0000
1249,-0.000000,1.0000
1250,0.009073,1.0063
1251,-0.000000,1.0000
1252,-0.000000,1.0000
1253,0.016605,1.0116
1254,-0.000000,1.0000
1255,-0.000000,1.0000
1256,-0.000000,1.0000
1257,-0.000000,1.0000
1258,-0.000000,1.0000
1259,0.009073,1.0063
1260,-0.000000,1.0000
1261,-0.000000,1.0000
1262,-0.000000,1.0000
1263,-0.000000,1.0000
1264,-0.000000,1.0000
1265,0.016616,1.0116
1266,-0.000000,1.0000
1267,0.070457,1.0500
1268,-0.000000,1.0000
1269,0.009073,1.0063
1270,-0.000000,1.0000
1271,-0.000000,1.0000
1272,-0.000000,1.0000
1273,-0.000000,1.0000
1274,-0.000000,1.0000
1275,-0.000000,1.0000
