4.734318315169521070e-03,3.155801052141275851e-03,5.335556130066206049e-03,6.318922637427793094e-03,7.892574328481198912e-04,1.579730055815772253e-03,5.915013148800539163e-04,3.352345348629059713e-03,4.737973049990256216e-03,3.947497046871052510e-03,3.158242997982847744e-03,2.370202678783427976e-03,0.000000000000000000e+00,3.936529026821129762e-03,5.529667134157422413e-03,7.096016093263371113e-03,0.000000000000000000e+00,0.000000000000000000e+00,0.000000000000000000e+00,0.000000000000000000e+00,0.000000000000000000e+00,0.000000000000000000e+00,0.000000000000000000e+00,0.000000000000000000e+00,3.159460111631544506e-03,7.898650279078861264e-04,1.576077743560624043e-03,7.904726229676521448e-04,0.000000000000000000e+00,0.000000000000000000e+00,0.000000000000000000e+00,0.000000000000000000e+00
5.514458429313850822e-03,5.529663271867285394e-03,4.138561414131279419e-03,9.469860500347855245e-03,7.904726229676521448e-04,0.000000000000000000e+00,6.327416442002853358e-03,6.129059068271769384e-03,3.951153706778494888e-03,1.579730055815772253e-03,6.319534081834884270e-03,6.379231840780095683e-03,1.580338130808444947e-03,1.579118599945459429e-03,6.808729345894628388e-03,2.196765801267751197e-03,0.000000000000000000e+00,0.000000000000000000e+00,0.000000000000000000e+00,0.000000000000000000e+00,0.000000000000000000e+00,0.000000000000000000e+00,0.000000000000000000e+00,0.000000000000000000e+00,2.384186546877621691e-03,6.075950597660880282e-07,1.973378062560684088e-03,3.158852516571778162e-03,0.000000000000000000e+00,0.000000000000000000e+00,0.000000000000000000e+00,0.000000000000000000e+00
9.469839311076809138e-03,3.160071567501857113e-03,2.549668321382839338e-03,2.969006685501218018e-03,7.886493578554471971e-04,7.898650279078861264e-04,9.815326797319981391e-04,3.159460111631544506e-03,3.159459630939850158e-03,1.579730055815772253e-03,6.900674519004167638e-03,2.177321275070197380e-03,3.159460111631544506e-03,2.369595083723662499e-03,3.951150331989189239e-03,4.738580648095999659e-03,0.000000000000000000e+00,0.000000000000000000e+00,0.000000000000000000e+00,0.000000000000000000e+00,0.000000000000000000e+00,0.000000000000000000e+00,0.000000000000000000e+00,0.000000000000000000e+00,9.809313102563715827e-04,1.317380765416288234e-03,3.159459151006943373e-03,3.162502891574553530e-03,0.000000000000000000e+00,0.000000000000000000e+00,0.000000000000000000e+00,0.000000000000000000e+00
3.348082074232175583e-03,3.937154909393658468e-03,6.901286935499080510e-03,7.893169913117673714e-03,1.579730055815771819e-03,0.000000000000000000e+00,2.370201223716722830e-03,3.092427776981548568e-03,6.301284491823828070e-03,6.393837743980068829e-03,5.525405329916194784e-03,3.967556906553314743e-03,2.368986046587014203e-03,8.087269824428951551e-03,3.757035930208770837e-03,5.538155229496626031e-03,0.000000000000000000e+00,0.000000000000000000e+00,0.000000000000000000e+00,0.000000000000000000e+00,0.000000000000000000e+00,0.000000000000000000e+00,0.000000000000000000e+00,0.000000000000000000e+00,2.371422690338107625e-03,3.947500424699142661e-03,1.506027231487393333e-03,4.903505846970454551e-03,0.000000000000000000e+00,0.000000000000000000e+00,0.000000000000000000e+00,0.000000000000000000e+00
7.898650279078861264e-04,7.898650279078861264e-04,7.904726229676521448e-04,7.892569529152134323e-04,0.000000000000000000e+00,0.000000000000000000e+00,7.868207753317710404e-04,7.898650279078861264e-04,7.898650279078861264e-04,7.898650279078861264e-04,1.576691119892340920e-03,6.075950597660880282e-07,0.000000000000000000e+00,0.000000000000000000e+00,2.369595083723662499e-03,0.000000000000000000e+00,0.000000000000000000e+00,0.000000000000000000e+00,0.000000000000000000e+00,0.000000000000000000e+00,0.000000000000000000e+00,0.000000000000000000e+00,0.000000000000000000e+00,0.000000000000000000e+00,7.874332078701017004e-04,0.000000000000000000e+00,0.000000000000000000e+00,0.000000000000000000e+00,0.000000000000000000e+00,0.000000000000000000e+00,0.000000000000000000e+00,0.000000000000000000e+00
0.000000000000000000e+00,6.075950597660880282e-07,7.898650279078861264e-04,7.898650279078861264e-04,7.874332078701017004e-04,0.000000000000000000e+00,1.579730055815772253e-03,7.898650279078861264e-04,0.000000000000000000e+00,0.000000000000000000e+00,1.581554280793790335e-03,1.578514385763333432e-03,0.000000000000000000e+00,7.898650279078861264e-04,6.080749926726962766e-07,0.000000000000000000e+00,0.000000000000000000e+00,0.000000000000000000e+00,0.000000000000000000e+00,0.000000000000000000e+00,0.000000000000000000e+00,0.000000000000000000e+00,0.000000000000000000e+00,0.000000000000000000e+00,0.000000000000000000e+00,0.000000000000000000e+00,7.898650279078861264e-04,6.075950597660880282e-07,0.000000000000000000e+00,0.000000000000000000e+00,0.000000000000000000e+00,0.000000000000000000e+00
4.341249483960954794e-03,4.747071051847718236e-03,2.368984597648544563e-03,5.516290403141143814e-03,6.684987734309325553e-06,0.000000000000000000e+00,1.585189253007215741e-03,7.898650279078861264e-04,2.359849920223449325e-03,3.172232619999860136e-03,4.932676740641224120e-03,7.647251136931321192e-03,2.370204120860310796e-03,3.160067225999616501e-03,2.574647163786163238e-03,4.748922755735882767e-03,0.000000000000000000e+00,0.000000000000000000e+00,0.000000000000000000e+00,0.000000000000000000e+00,0.000000000000000000e+00,0.000000000000000000e+00,0.000000000000000000e+00,0.000000000000000000e+00,2.370203639408029108e-03,7.910850394625652338e-04,3.929852218535825892e-03,4.931465372630908228e-03,0.000000000000000000e+00,0.000000000000000000e+00,0.000000000000000000e+00,0.000000000000000000e+00
1.579727648545329374e-03,3.946893300520979558e-03,2.369595083723662499e-03,2.292218685753211541e-03,0.000000000000000000e+00,6.075950597660880282e-07,3.940810569265817964e-03,2.179119104966987120e-03,7.916897350969732440e-04,3.167971774090786157e-03,3.159460111631544506e-03,3.155802018111717941e-03,0.000000000000000000e+00,7.898650279078861264e-04,4.136741533631735357e-03,3.754006148286812353e-03,0.000000000000000000e+00,0.000000000000000000e+00,0.000000000000000000e+00,0.000000000000000000e+00,0.000000000000000000e+00,0.000000000000000000e+00,0.000000000000000000e+00,0.000000000000000000e+00,3.157638758698913962e-03,1.393513011547383362e-03,2.437221464554225215e-03,1.579727644733327011e-03,0.000000000000000000e+00,0.000000000000000000e+00,0.000000000000000000e+00,0.000000000000000000e+00
2.366545059850666370e-03,2.963531604006932729e-03,5.527836629707596344e-03,7.106952811623473872e-03,0.000000000000000000e+00,0.000000000000000000e+00,1.587629796203003608e-03,1.582165738942265193e-03,1.580339575167097376e-03,7.892579127810265670e-04,7.904731029005588206e-04,1.578510032004435976e-03,2.369595083723662499e-03,3.948108025128357380e-03,6.307343674154732883e-03,2.369595083723662499e-03,0.000000000000000000e+00,0.000000000000000000e+00,0.000000000000000000e+00,0.000000000000000000e+00,0.000000000000000000e+00,0.000000000000000000e+00,0.000000000000000000e+00,0.000000000000000000e+00,2.560647418910310617e-03,0.000000000000000000e+00,1.579730055815772253e-03,3.158852036638871812e-03,0.000000000000000000e+00,0.000000000000000000e+00,0.000000000000000000e+00,0.000000000000000000e+00
1.579730055815772253e-03,1.579120053485563247e-03,4.733089648169341336e-03,3.354173440525941904e-03,7.898650279078861264e-04,1.215190119532176056e-06,2.368986528039295891e-03,3.158851555947178331e-03,3.155793350994540777e-03,1.579730055815772253e-03,6.318310700865786139e-03,7.983795600104953271e-04,7.892559907712376130e-04,3.960875724173511074e-03,4.025457854944953021e-03,2.362295745361943974e-03,0.000000000000000000e+00,0.000000000000000000e+00,0.000000000000000000e+00,0.000000000000000000e+00,0.000000000000000000e+00,0.000000000000000000e+00,0.000000000000000000e+00,0.000000000000000000e+00,2.367768927596105959e-03,6.075950597660880282e-07,7.898650279078861264e-04,2.370206539593975106e-03,0.000000000000000000e+00,0.000000000000000000e+00,0.000000000000000000e+00,0.000000000000000000e+00
2.362899473388980695e-03,3.158852516571778162e-03,3.159461071497357641e-03,4.739187760176882119e-03,1.579730055815772253e-03,1.579730055815772253e-03,3.359039014778907994e-03,2.358647769338925639e-03,3.156405740894050686e-03,7.106341859427729030e-03,4.144027373564512437e-03,6.334121691775229830e-03,0.000000000000000000e+00,4.752559229951922037e-03,5.530878944212352759e-03,5.339816982113691421e-03,0.000000000000000000e+00,0.000000000000000000e+00,0.000000000000000000e+00,0.000000000000000000e+00,0.000000000000000000e+00,0.000000000000000000e+00,0.000000000000000000e+00,0.000000000000000000e+00,5.337979254115077579e-03,7.910860000871656073e-04,3.934722132767951887e-03,4.744666711540453975e-03,0.000000000000000000e+00,0.000000000000000000e+00,0.000000000000000000e+00,0.000000000000000000e+00
3.158851074494895775e-03,3.950546111718728111e-03,4.700855267185364422e-03,7.146442668153665453e-03,0.000000000000000000e+00,0.000000000000000000e+00,6.911030087719272248e-03,2.365326504128717998e-03,3.159460111631544506e-03,2.375668652738792321e-03,3.949325139539448630e-03,4.765889277300631825e-03,3.948106097779963651e-03,7.898650279078861264e-04,4.751950576617556231e-03,5.350145634623814164e-03,0.000000000000000000e+00,0.000000000000000000e+00,0.000000000000000000e+00,0.000000000000000000e+00,0.000000000000000000e+00,0.000000000000000000e+00,0.000000000000000000e+00,0.000000000000000000e+00,2.959272162948415816e-03,1.574261674589965245e-03,8.074925807396259167e-04,4.661349056453339794e-03,0.000000000000000000e+00,0.000000000000000000e+00,0.000000000000000000e+00,0.000000000000000000e+00
2.369595083723662499e-03,3.948101284765679654e-03,1.215670052438784305e-06,2.369595083723662499e-03,7.874322449673388591e-04,0.000000000000000000e+00,7.904740650445346399e-04,1.580338611500138645e-03,1.579119569740654316e-03,0.000000000000000000e+00,3.949324178914847931e-03,1.579121980823099559e-03,3.157633481673880870e-03,7.898650279078861264e-04,3.159459630939850158e-03,3.157634435436894316e-03,0.000000000000000000e+00,0.000000000000000000e+00,0.000000000000000000e+00,0.000000000000000000e+00,0.000000000000000000e+00,0.000000000000000000e+00,0.000000000000000000e+00,0.000000000000000000e+00,7.898650279078861264e-04,7.898650279078861264e-04,0.000000000000000000e+00,7.898650279078861264e-04,0.000000000000000000e+00,0.000000000000000000e+00,0.000000000000000000e+00,0.000000000000000000e+00
2.559439460497069455e-03,3.157626700043537644e-03,3.158852996504684946e-03,4.737362566182410153e-03,0.000000000000000000e+00,7.898650279078861264e-04,7.101483513128679752e-03,7.898650279078861264e-04,3.157027807100921003e-03,3.157637326452246342e-03,3.951147444785839576e-03,7.910850394625652338e-04,1.579122460756006126e-03,1.774438563275021604e-03,1.580341025664842728e-03,2.368375072168983284e-03,0.000000000000000000e+00,0.000000000000000000e+00,0.000000000000000000e+00,0.000000000000000000e+00,0.000000000000000000e+00,0.000000000000000000e+00,0.000000000000000000e+00,0.000000000000000000e+00,9.546973259576676607e-04,7.904726229676521448e-04,1.582770925157927751e-03,7.898626168254409925e-04,0.000000000000000000e+00,0.000000000000000000e+00,0.000000000000000000e+00,0.000000000000000000e+00
5.536964528457263314e-03,7.896209276148237477e-03,2.561879447207032669e-03,3.954799740268194995e-03,7.843966723699909854e-04,7.898650279078861264e-04,7.305313632290212286e-03,3.746703911131891822e-03,2.435213930868378093e-06,3.742449314366575863e-03,5.354999173730143162e-03,9.472891266090225151e-03,3.159460111631544506e-03,1.579130176234477736e-03,6.339002048699493921e-03,4.119702842938061625e-03,0.000000000000000000e+00,0.000000000000000000e+00,0.000000000000000000e+00,0.000000000000000000e+00,0.000000000000000000e+00,0.000000000000000000e+00,0.000000000000000000e+00,0.000000000000000000e+00,3.158848183479544616e-03,7.874307633427911996e-04,7.935120684820943593e-04,5.530275225171601278e-03,0.000000000000000000e+00,0.000000000000000000e+00,0.000000000000000000e+00,0.000000000000000000e+00
5.526619035363598310e-03,9.550848260354254451e-03,5.530271827551652870e-03,2.369594123099061801e-03,0.000000000000000000e+00,2.369595083723662499e-03,4.494493339475018855e-03,2.381151442106633175e-03,4.145852092195130220e-03,1.579730055815772253e-03,6.315875511413582798e-03,4.485473058301506222e-03,2.368375562042128370e-03,7.904745533874474057e-04,2.384185125191457498e-03,2.196770148132248888e-03,0.000000000000000000e+00,0.000000000000000000e+00,0.000000000000000000e+00,0.000000000000000000e+00,0.000000000000000000e+00,0.000000000000000000e+00,0.000000000000000000e+00,0.000000000000000000e+00,5.473173110384389943e-06,7.776976989370392584e-04,2.176697340121301356e-03,4.773248757253560973e-03,0.000000000000000000e+00,0.000000000000000000e+00,0.000000000000000000e+00,0.000000000000000000e+00
0.000000000000000000e+00,0.000000000000000000e+00,0.000000000000000000e+00,0.000000000000000000e+00,0.000000000000000000e+00,0.000000000000000000e+00,0.000000000000000000e+00,0.000000000000000000e+00,0.000000000000000000e+00,0.000000000000000000e+00,0.000000000000000000e+00,0.000000000000000000e+00,0.000000000000000000e+00,0.000000000000000000e+00,0.000000000000000000e+00,0.000000000000000000e+00,0.000000000000000000e+00,0.000000000000000000e+00,0.000000000000000000e+00,0.000000000000000000e+00,0.000000000000000000e+00,0.000000000000000000e+00,0.000000000000000000e+00,0.000000000000000000e+00,0.000000000000000000e+00,0.000000000000000000e+00,0.000000000000000000e+00,0.000000000000000000e+00,0.000000000000000000e+00,0.000000000000000000e+00,0.000000000000000000e+00,0.000000000000000000e+00
0.000000000000000000e+00,0.000000000000000000e+00,0.000000000000000000e+00,0.000000000000000000e+00,0.000000000000000000e+00,0.000000000000000000e+00,0.000000000000000000e+00,0.000000000000000000e+00,0.000000000000000000e+00,0.000000000000000000e+00,0.000000000000000000e+00,0.000000000000000000e+00,0.000000000000000000e+00,0.000000000000000000e+00,0.000000000000000000e+00,0.000000000000000000e+00,0.000000000000000000e+00,0.000000000000000000e+00,0.000000000000000000e+00,0.000000000000000000e+00,0.000000000000000000e+00,0.000000000000000000e+00,0.000000000000000000e+00,0.000000000000000000e+00,0.000000000000000000e+00,0.000000000000000000e+00,0.000000000000000000e+00,0.000000000000000000e+00,0.000000000000000000e+00,0.000000000000000000e+00,0.000000000000000000e+00,0.000000000000000000e+00
0.000000000000000000e+00,0.000000000000000000e+00,0.000000000000000000e+00,0.000000000000000000e+00,0.000000000000000000e+00,0.000000000000000000e+00,0.000000000000000000e+00,0.000000000000000000e+00,0.000000000000000000e+00,0.000000000000000000e+00,0.000000000000000000e+00,0.000000000000000000e+00,0.000000000000000000e+00,0.000000000000000000e+00,0.000000000000000000e+00,0.000000000000000000e+00,0.000000000000000000e+00,0.000000000000000000e+00,0.000000000000000000e+00,0.000000000000000000e+00,0.000000000000000000e+00,0.000000000000000000e+00,0.000000000000000000e+00,0.000000000000000000e+00,0.000000000000000000e+00,0.000000000000000000e+00,0.000000000000000000e+00,0.000000000000000000e+00,0.000000000000000000e+00,0.000000000000000000e+00,0.000000000000000000e+00,0.000000000000000000e+00
0.000000000000000000e+00,0.000000000000000000e+00,0.000000000000000000e+00,0.000000000000000000e+00,0.000000000000000000e+00,0.000000000000000000e+00,0.000000000000000000e+00,0.000000000000000000e+00,0.000000000000000000e+00,0.000000000000000000e+00,0.000000000000000000e+00,0.000000000000000000e+00,0.000000000000000000e+00,0.000000000000000000e+00,0.000000000000000000e+00,0.000000000000000000e+00,0.000000000000000000e+00,0.000000000000000000e+00,0.000000000000000000e+00,0.000000000000000000e+00,0.000000000000000000e+00,0.000000000000000000e+00,0.000000000000000000e+00,0.000000000000000000e+00,0.000000000000000000e+00,0.000000000000000000e+00,0.000000000000000000e+00,0.000000000000000000e+00,0.000000000000000000e+00,0.000000000000000000e+00,0.000000000000000000e+00,0.000000000000000000e+00
0.000000000000000000e+00,0.000000000000000000e+00,0.000000000000000000e+00,0.000000000000000000e+00,0.000000000000000000e+00,0.000000000000000000e+00,0.000000000000000000e+00,0.000000000000000000e+00,0.000000000000000000e+00,0.000000000000000000e+00,0.000000000000000000e+00,0.000000000000000000e+00,0.000000000000000000e+00,0.000000000000000000e+00,0.000000000000000000e+00,0.000000000000000000e+00,0.000000000000000000e+00,0.000000000000000000e+00,0.000000000000000000e+00,0.000000000000000000e+00,0.000000000000000000e+00,0.000000000000000000e+00,0.000000000000000000e+00,0.000000000000000000e+00,0.000000000000000000e+00,0.000000000000000000e+00,0.000000000000000000e+00,0.000000000000000000e+00,0.000000000000000000e+00,0.000000000000000000e+00,0.000000000000000000e+00,0.000000000000000000e+00
0.000000000000000000e+00,0.000000000000000000e+00,0.000000000000000000e+00,0.000000000000000000e+00,0.000000000000000000e+00,0.000000000000000000e+00,0.000000000000000000e+00,0.000000000000000000e+00,0.000000000000000000e+00,0.000000000000000000e+00,0.000000000000000000e+00,0.000000000000000000e+00,0.000000000000000000e+00,0.000000000000000000e+00,0.000000000000000000e+00,0.000000000000000000e+00,0.000000000000000000e+00,0.000000000000000000e+00,0.000000000000000000e+00,0.000000000000000000e+00,0.000000000000000000e+00,0.000000000000000000e+00,0.000000000000000000e+00,0.000000000000000000e+00,0.000000000000000000e+00,0.000000000000000000e+00,0.000000000000000000e+00,0.000000000000000000e+00,0.000000000000000000e+00,0.000000000000000000e+00,0.000000000000000000e+00,0.000000000000000000e+00
0.000000000000000000e+00,0.000000000000000000e+00,0.000000000000000000e+00,0.000000000000000000e+00,0.000000000000000000e+00,0.000000000000000000e+00,0.000000000000000000e+00,0.000000000000000000e+00,0.000000000000000000e+00,0.000000000000000000e+00,0.000000000000000000e+00,0.000000000000000000e+00,0.000000000000000000e+00,0.000000000000000000e+00,0.000000000000000000e+00,0.000000000000000000e+00,0.000000000000000000e+00,0.000000000000000000e+00,0.000000000000000000e+00,0.000000000000000000e+00,0.000000000000000000e+00,0.000000000000000000e+00,0.000000000000000000e+00,0.000000000000000000e+00,0.000000000000000000e+00,0.000000000000000000e+00,0.000000000000000000e+00,0.000000000000000000e+00,0.000000000000000000e+00,0.000000000000000000e+00,0.000000000000000000e+00,0.000000000000000000e+00
0.000000000000000000e+00,0.000000000000000000e+00,0.000000000000000000e+00,0.000000000000000000e+00,0.000000000000000000e+00,0.000000000000000000e+00,0.000000000000000000e+00,0.000000000000000000e+00,0.000000000000000000e+00,0.000000000000000000e+00,0.000000000000000000e+00,0.000000000000000000e+00,0.000000000000000000e+00,0.000000000000000000e+00,0.000000000000000000e+00,0.000000000000000000e+00,0.000000000000000000e+00,0.000000000000000000e+00,0.000000000000000000e+00,0.000000000000000000e+00,0.000000000000000000e+00,0.000000000000000000e+00,0.000000000000000000e+00,0.000000000000000000e+00,0.000000000000000000e+00,0.000000000000000000e+00,0.000000000000000000e+00,0.000000000000000000e+00,0.000000000000000000e+00,0.000000000000000000e+00,0.000000000000000000e+00,0.000000000000000000e+00
7.898650279078861264e-04,4.737361117233014791e-03,3.948110429352823594e-03,3.160681083052037290e-03,7.898650279078861264e-04,0.000000000000000000e+00,2.365332283845010802e-03,1.577298216797302964e-03,1.747603710042023358e-03,1.578513425138732950e-03,7.892569529152134323e-04,2.370204120860310796e-03,2.369595083723662499e-03,2.536253033635873632e-03,3.160063845880763719e-03,1.595542010457317228e-03,0.000000000000000000e+00,0.000000000000000000e+00,0.000000000000000000e+00,0.000000000000000000e+00,0.000000000000000000e+00,0.000000000000000000e+00,0.000000000000000000e+00,0.000000000000000000e+00,7.904731029005588206e-04,3.040394702835458864e-06,7.904735835922526268e-04,2.368986046587014203e-03,0.000000000000000000e+00,0.000000000000000000e+00,0.000000000000000000e+00,0.000000000000000000e+00
2.179135912690031204e-03,1.513310227646909268e-03,0.000000000000000000e+00,7.910802180274181632e-04,0.000000000000000000e+00,7.880422427285876377e-04,7.904726229676521448e-04,7.904735835922526268e-04,7.916926345223314690e-04,7.776976989370392584e-04,1.579730055815772253e-03,7.850042417418453536e-04,6.075950597660880282e-07,0.000000000000000000e+00,7.886488779225405213e-04,7.953381918911043864e-04,0.000000000000000000e+00,0.000000000000000000e+00,0.000000000000000000e+00,0.000000000000000000e+00,0.000000000000000000e+00,0.000000000000000000e+00,0.000000000000000000e+00,0.000000000000000000e+00,1.830497629797034143e-06,0.000000000000000000e+00,1.574861550201066013e-03,7.892535720375734110e-04,0.000000000000000000e+00,0.000000000000000000e+00,0.000000000000000000e+00,0.000000000000000000e+00
3.946280910668827600e-03,3.948103205245237154e-03,7.910802180274181632e-04,3.948716583855082021e-03,0.000000000000000000e+00,0.000000000000000000e+00,3.932888245815860558e-03,6.762638083055818911e-05,3.764372836135639663e-03,2.019861476305432615e-04,1.580949099112784282e-03,7.904726229676521448e-04,0.000000000000000000e+00,7.770925195395697377e-04,3.870748563879101642e-03,2.370197893799679337e-03,0.000000000000000000e+00,0.000000000000000000e+00,0.000000000000000000e+00,0.000000000000000000e+00,0.000000000000000000e+00,0.000000000000000000e+00,0.000000000000000000e+00,0.000000000000000000e+00,1.749428415711735355e-03,0.000000000000000000e+00,7.916888033698895200e-04,1.577900041930884248e-03,0.000000000000000000e+00,0.000000000000000000e+00,0.000000000000000000e+00,0.000000000000000000e+00
7.898650279078861264e-04,3.946274620412863927e-03,1.613788645622008661e-03,4.678980927931324779e-03,7.898650279078861264e-04,7.898650279078861264e-04,3.169798390408067566e-03,3.152163145642148875e-03,6.073094397386705517e-06,3.158847695136630766e-03,2.370205086053871289e-03,6.317702625873114312e-03,2.369595083723662499e-03,2.356228435383767375e-03,4.733717464463244040e-03,3.536117108799015449e-03,0.000000000000000000e+00,0.000000000000000000e+00,0.000000000000000000e+00,0.000000000000000000e+00,0.000000000000000000e+00,0.000000000000000000e+00,0.000000000000000000e+00,0.000000000000000000e+00,1.579127282191152871e-03,7.935130055369253328e-04,3.928039021652249795e-03,1.579727164800420443e-03,0.000000000000000000e+00,0.000000000000000000e+00,0.000000000000000000e+00,0.000000000000000000e+00
0.000000000000000000e+00,0.000000000000000000e+00,0.000000000000000000e+00,0.000000000000000000e+00,0.000000000000000000e+00,0.000000000000000000e+00,0.000000000000000000e+00,0.000000000000000000e+00,0.000000000000000000e+00,0.000000000000000000e+00,0.000000000000000000e+00,0.000000000000000000e+00,0.000000000000000000e+00,0.000000000000000000e+00,0.000000000000000000e+00,0.000000000000000000e+00,0.000000000000000000e+00,0.000000000000000000e+00,0.000000000000000000e+00,0.000000000000000000e+00,0.000000000000000000e+00,0.000000000000000000e+00,0.000000000000000000e+00,0.000000000000000000e+00,0.000000000000000000e+00,0.000000000000000000e+00,0.000000000000000000e+00,0.000000000000000000e+00,0.000000000000000000e+00,0.000000000000000000e+00,0.000000000000000000e+00,0.000000000000000000e+00
0.000000000000000000e+00,0.000000000000000000e+00,0.000000000000000000e+00,0.000000000000000000e+00,0.000000000000000000e+00,0.000000000000000000e+00,0.000000000000000000e+00,0.000000000000000000e+00,0.000000000000000000e+00,0.000000000000000000e+00,0.000000000000000000e+00,0.000000000000000000e+00,0.000000000000000000e+00,0.000000000000000000e+00,0.000000000000000000e+00,0.000000000000000000e+00,0.000000000000000000e+00,0.000000000000000000e+00,0.000000000000000000e+00,0.000000000000000000e+00,0.000000000000000000e+00,0.000000000000000000e+00,0.000000000000000000e+00,0.000000000000000000e+00,0.000000000000000000e+00,0.000000000000000000e+00,0.000000000000000000e+00,0.000000000000000000e+00,0.000000000000000000e+00,0.000000000000000000e+00,0.000000000000000000e+00,0.000000000000000000e+00
0.000000000000000000e+00,0.000000000000000000e+00,0.000000000000000000e+00,0.000000000000000000e+00,0.000000000000000000e+00,0.000000000000000000e+00,0.000000000000000000e+00,0.000000000000000000e+00,0.000000000000000000e+00,0.000000000000000000e+00,0.000000000000000000e+00,0.000000000000000000e+00,0.000000000000000000e+00,0.000000000000000000e+00,0.000000000000000000e+00,0.000000000000000000e+00,0.000000000000000000e+00,0.000000000000000000e+00,0.000000000000000000e+00,0.000000000000000000e+00,0.000000000000000000e+00,0.000000000000000000e+00,0.000000000000000000e+00,0.000000000000000000e+00,0.000000000000000000e+00,0.000000000000000000e+00,0.000000000000000000e+00,0.000000000000000000e+00,0.000000000000000000e+00,0.000000000000000000e+00,0.000000000000000000e+00,0.000000000000000000e+00
0.000000000000000000e+00,0.000000000000000000e+00,0.000000000000000000e+00,0.000000000000000000e+00,0.000000000000000000e+00,0.000000000000000000e+00,0.000000000000000000e+00,0.000000000000000000e+00,0.000000000000000000e+00,0.000000000000000000e+00,0.000000000000000000e+00,0.000000000000000000e+00,0.000000000000000000e+00,0.000000000000000000e+00,0.000000000000000000e+00,0.000000000000000000e+00,0.000000000000000000e+00,0.000000000000000000e+00,0.000000000000000000e+00,0.000000000000000000e+00,0.000000000000000000e+00,0.000000000000000000e+00,0.000000000000000000e+00,0.000000000000000000e+00,0.000000000000000000e+00,0.000000000000000000e+00,0.000000000000000000e+00,0.000000000000000000e+00,0.000000000000000000e+00,0.000000000000000000e+00,0.000000000000000000e+00,0.000000000000000000e+00
